PuzzleId,FEN,Moves,Rating,RatingDeviation,Popularity,NbPlays,Themes,GameUrl,OpeningTags,DailyDate
000Vc,8/8/4k1p1/2KpP2p/5PP1/8/8/8 w - - 0 53,g4h5 g6h5 f4f5 e6e5 f5f6 e5f6,1569,79,75,115,crushing endgame long pawnEndgame,https://lichess.org/l6AejDMO#105,,
002Uy,8/8/1p6/k7/P1R5/1K5r/8/8 w - - 26 64,c4c3 h3c3 b3c3 a5a4 c3b2 a4b4,1565,75,97,7408,crushing defensiveMove endgame long rookEndgame,https://lichess.org/sLU7YN1A#127,,
005ws,8/8/5pp1/3K3p/3N2kP/8/8/8 w - - 2 62,d5e6 g6g5 h4g5 f6g5 e6d5 h5h4 d5e4 h4h3 d4f3 g4g3,2448,78,93,2507,crushing endgame knightEndgame master masterVsMaster quietMove veryLong,https://lichess.org/LOwACSXb#123,,
006OI,8/p7/5k2/P5R1/6KP/8/8/5r2 w - - 5 53,g5g8 f1g1 g4f4 g1g8,843,97,76,263,crushing endgame rookEndgame short skewer,https://lichess.org/6AH1H5wg#105,,
00Bg0,8/3k4/3P1K2/p2R4/5r2/5P2/8/8 w - - 1 57,d5f5 f4f5 f6f5 a5a4 f5e4 a4a3 e4d3 a3a2,1640,78,94,798,advancedPawn crushing endgame quietMove rookEndgame veryLong,https://lichess.org/Kh8jUvEa#113,,
00Dib,7k/8/4PKR1/3r4/6P1/6b1/8/8 b - - 2 46,g3h4 g4g5 h4g5 g6g5 d5g5 f6g5,1468,77,100,685,endgame master,https://lichess.org/o6FLrwm5/black#92,,
00GuG,2R5/7p/1K4k1/8/5p2/5n2/8/8 w - - 0 63,c8c6 g6f5 b6c5 h7h5,2511,93,91,1550,advantage defensiveMove endgame master short,https://lichess.org/6xU6SaA2#125,,
00HqY,8/6p1/8/6k1/4P3/5KpP/8/8 b - - 3 46,g5h4 f3g2 h4g5 g2g3,1802,75,95,1638,crushing endgame master pawnEndgame short zugzwang,https://lichess.org/eG289RUU/black#92,,
00Kyy,8/P7/8/5k2/8/5pr1/5r2/R6K w - - 0 50,a7a8q g3h3 h1g1 f2g2 g1f1 h3h1,1246,75,84,263,endgame exposedKing long master mate mateIn3 queenRookEndgame,https://lichess.org/VrBw9rnh#99,,
00QVZ,8/7p/4K3/6p1/2k3P1/8/5P2/8 b - - 0 43,c4d4 e6f5 h7h6 f5g6 d4e4 g6h6,1468,76,81,530,crushing endgame long master pawnEndgame,https://lichess.org/gVqoHhuS/black#86,,
00SCA,8/2Q5/2p2nk1/8/2r2K2/8/8/8 w - - 4 71,f4e5 c4e4 e5d6 f6e8 d6d7 e8c7,1359,76,96,4952,crushing endgame fork long,https://lichess.org/JVchiAe8#141,,
00T85,8/8/8/8/8/4K3/1k3Q2/1q6 b - - 5 53,b2c1 f2d2,1039,92,93,1530,endgame master mate mateIn1 oneMove queenEndgame,https://lichess.org/j3dOR5SJ/black#106,,
00UGu,7R/6rP/8/8/8/5p2/7K/5k2 w - - 5 67,h2h3 f3f2 h3h4 g7e7,2580,94,85,129,advancedPawn crushing endgame master rookEndgame short,https://lichess.org/pBD1nBPz#133,,
00V0G,8/6P1/5k1K/8/8/3p4/PR6/6r1 w - - 1 49,b2d2 g1h1 d2h2 h1h2,1122,81,91,721,endgame mate mateIn2 rookEndgame short,https://lichess.org/UYjzL2st#97,,
00WJN,5Q2/7K/8/8/4p2P/3kq3/8/8 b - - 1 53,e3g3 f8a3 d3d2 a3g3,1324,78,85,656,crushing endgame queenEndgame short skewer,https://lichess.org/27eUCFoJ/black#106,,
00X2j,8/5KP1/R1k5/8/2pp4/8/8/6r1 b - - 1 50,c6c5 a6g6 g1g6 f7g6 d4d3 g7g8q,1549,75,95,14117,advancedPawn crushing endgame long promotion rookEndgame,https://lichess.org/GY1HtJCo/black#100,,
00XCT,6Q1/7K/2k5/3r4/8/8/8/8 w - - 5 82,h7h8 d5h5 g8h7 h5h7,996,77,100,475,endgame equality queenRookEndgame short,https://lichess.org/I94rnuWS#163,,
00aU5,8/8/8/p3k2p/P1K4P/8/8/8 b - - 5 47,e5f4 c4b5 f4e5 b5a5,773,80,100,147,crushing endgame master pawnEndgame short,https://lichess.org/ScOVYXve/black#94,,
00dnp,8/Q7/7r/8/6K1/1r2k1p1/6P1/8 b - - 2 64,e3e2 a7a2 e2e3 a2b3,1311,80,94,22973,crushing endgame fork master queenRookEndgame short,https://lichess.org/hMbf0KPM/black#128,,
00dt1,Q7/8/3B4/2p5/Krkn4/8/8/8 w - - 1 54,a4a3 d4b5 a3a2 b5c3 a2a1 b4b1,2224,79,95,17617,arabianMate endgame exposedKing fork long master mate mateIn3,https://lichess.org/AQkAsoMX#107,,
00gbj,8/8/8/3k2K1/6nP/6P1/8/8 b - - 4 57,g4e5 g5f5 e5c4 h4h5 c4d6 f5g6,2476,95,87,368,crushing defensiveMove endgame knightEndgame long quietMove,https://lichess.org/TwMT1En7/black#114,,
00hpL,8/7p/4K2P/8/4k3/8/8/8 b - - 4 53,e4f4 e6f6 f4e4 f6g7 e4f5 g7h7 f5f6 h7g8,1233,78,92,724,crushing endgame pawnEndgame veryLong,https://lichess.org/90qwuU42/black#106,,
00iQD,8/8/8/3K2kp/8/2P1P3/8/8 w - - 0 50,c3c4 h5h4 d5e4 g5g4 c4c5 h4h3 e4e5 h3h2 c5c6 h2h1q,1530,76,95,14024,advancedPawn crushing endgame pawnEndgame promotion quietMove veryLong,https://lichess.org/dDMWuoiZ#99,,
00jgd,5Q2/8/8/8/pn6/k6r/8/2K5 w - - 2 83,f8d6 h3c3 c1d2 c3d3 d6d3 b4d3,1791,75,94,3986,crushing endgame exposedKing fork long,https://lichess.org/8DDrygoE#165,,
